{
  "type": "l515",
  "rgb": {
    "img_size": [
      1920,
      1080
    ],
    "K": [
      [
        1358.38525390625,
        0.0,
        981.3580932617188
      ],
      [
        0.0,
        1358.932861328125,
        518.7576904296875
      ],
      [
        0.0,
        0.0,
        1.0
      ]
    ],
    "D": [
      0.17216220498085022,
      -0.5330255627632141,
      0.0004572457983158529,
      0.000188732665264979,
      0.4930517375469208
    ]
  },
  "lidar": {
    "K": [
      [
        463.57421875,
        0.0,
        300.34765625
      ],
      [
        0.0,
        463.70703125,
        248.6484375
      ],
      [
        0.0,
        0.0,
        1.0
      ]
    ],
    "img_size": [
      640,
      480
    ]
  }
}