{
  "model": "ocv",
  "original": {
    "img_size": [
      1920,
      1080
    ],
    "K": [
      [
        1365.8034803790736,
        0.0,
        977.8805844475205
      ],
      [
        0.0,
        1364.6154566937798,
        522.6939950293167
      ],
      [
        0.0,
        0.0,
        1.0
      ]
    ],
    "D": [
      [
        0.11273413759108648,
        -0.16377319015300118,
        0.0028986813674716297,
        0.0002375114077759898,
        -0.23803948623202462
      ]
    ]
  },
  "rectified": {
    "img_size": [
      1920,
      1080
    ],
    "K": [
      [
        1357.8729248046875,
        0.0,
        972.2024825292465
      ],
      [
        0.0,
        1382.8402099609375,
        524.3527884902505
      ],
      [
        0.0,
        0.0,
        1.0
      ]
    ],
    "R": [
      [
        1.0,
        0.0,
        0.0
      ],
      [
        0.0,
        1.0,
        0.0
      ],
      [
        0.0,
        0.0,
        1.0
      ]
    ]
  },
  "rms": 0.3016001324699729
}