{
  "model": "ocv",
  "original": {
    "img_size": [
      2448,
      2048
    ],
    "K": [
      [
        1805.4856953736648,
        0.0,
        1210.1974685751195
      ],
      [
        0.0,
        1805.0353755675403,
        1027.1776106968314
      ],
      [
        0.0,
        0.0,
        1.0
      ]
    ],
    "D": [
      [
        -0.15337214603036872,
        0.11025376496318372,
        0.0006145782353024402,
        6.080997849974147e-05,
        -0.0426103817982986
      ]
    ]
  },
  "rectified": {
    "img_size": [
      2448,
      2048
    ],
    "K": [
      [
        1812.38730677396,
        0.0,
        1195.3195590689882
      ],
      [
        0.0,
        1812.7409305648423,
        1064.2349240183607
      ],
      [
        0.0,
        0.0,
        1.0
      ]
    ],
    "R": [
      [
        1.0,
        0.0,
        0.0
      ],
      [
        0.0,
        1.0,
        0.0
      ],
      [
        0.0,
        0.0,
        1.0
      ]
    ]
  },
  "rms": 0.35574687431054786
}

